urls,
https://www.espn.in/,
https://astrotalk.com/,
https://www.astrosage.com/,
https://www.scoop.it/login,
https://www.uber.com/in/en/,
https://www.fandango.com/,
https://sso.120ask.com/user/login?source=ask&forward=https://www.120ask.com/,
https://auth.auto.ru/login/?r=https%3A%2F%2Fauto.ru%2F%3Futm_referrer%3Dhttps%253A%252F%252Fauto.ru%252F%253F,
https://www.bahn.de/,
https://bitbucket.org/,
https://ad4game.com/,
https://www.olx.co.id/,
https://doodle.com/en/,
https://www.tripadvisor.co.uk/,
https://hh.ru/account/login?backurl=%2Fservices&hhtmFrom=services,
https://www.drugs.com/account/login/,
https://moz.com/login?_gl=1*8wakz9*_up*MQ..*_ga*MTA4NjA3Njk4LjE3Mjc0MTUyMjM.*_ga_QLCPR2NDVP*MTcyNzQxNTIxOC4xLjAuMTcyNzQxNTIxOC4wLjAuMA..*_ga_DS7K9Q3S5W*MTcyNzQxNTIyMy4xLjAuMTcyNzQxNTIyMy4wLjAuMA..,
https://ads.mgid.com/?_gl=1*ox4l5o*_ga_XDZV4WD26Z*MTcyNzQxNTIzNC4xLjEuMTcyNzQxNTQ3My4wLjAuMA..,
https://www.redfin.com/,
https://sa.www4.irs.gov/sso/?resumePath=%2Fas%2F7z17X8reNB%2Fresume%2Fas%2Fauthorization.ping&allowInteraction=true&reauth=false&connectionId=SADIPACLIENT&REF=8E446CFB12AFE1314451200D5DF11BDD5E7F3AE2B18235DF97E400000073&vnd_pi_requested_resource=https%3A%2F%2Fsa.www4.irs.gov%2Fola%2F&vnd_pi_application_name=OLA,
https://www.gofundme.com/sign-in,
https://www.shutterstock.com/,
https://www.imdb.com/registration/signin/?ref=nv_generic_lgin&u=%2F,
https://www.wikihow.com/Main-Page#wh-dialog-login,
https://soundcloud.com/,
https://bab.la/,
https://www.tumblr.com/?redirect_to=%2F&source=explore_floating_sign_up,
https://in.ign.com/,
https://www.gettyimages.in/sign-in?returnurl=%2F,
https://www.freepik.com/log-in?client_id=freepik&lang=en,
https://www.waze.com/en-GB/live-map/,
https://www.gamespot.com/login-signup/,
https://online.maavaishnodevi.org/#/login,
https://jksasb.nic.in/onlineservices/Auth_Pages/login.aspx,
https://badrinath-kedarnath.gov.in/Auth/LoginRegister/Login_Pilgrim.aspx,
https://registrationandtouristcare.uk.gov.in/signin.php,
https://www.semrush.com/website/top/global/entertainment/,
"https://www.malabargoldanddiamonds.com/customer/account/login/referer/aHR0cHM6Ly93d3cubWFsYWJhcmdvbGRhbmRkaWFtb25kcy5jb20vY3VzdG9tZXIvYWNjb3VudC9pbmRleC8,/",
https://store.steampowered.com/,
https://steamcommunity.com/login/home/?goto=,
https://www.epicgames.com/id/login?lang=en-US&noHostRedirect=true&redirectUrl=https%3A%2F%2Fstore.epicgames.com%2Fen-US%2F&client_id=875a3b57d3a640a6b7f9b4e883463ab4,
https://fextralife.com/forums/ucp.php?mode=login&redirect=ucp.php%3Fmode%3Dlogin&sid=48858c4ad661c1d44dbb5e4e6d03e790,
https://signin.ea.com/p/juno/login?execution=e1812862084s1&initref=https%3A%2F%2Faccounts.ea.com%3A443%2Fconnect%2Fauth%3Fdisplay%3DjunoWeb%252Flogin%26response_type%3Dcode%26redirect_uri%3Dhttps%253A%252F%252Fwww.ea.com%252Flogin_check%26state%3Dae32448d-f24b-4eec-885b-191a454cf52a%26locale%3Den_US%26client_id%3DEADOTCOM-WEB-SERVER,
https://gamerant.com/,
https://my.account.sony.com/sonyacct/signin/?duid=0000000700090100ed53de8898e05070c84537651432dc9d12859e9feac572f9e90b378f6824bf48&response_type=code&client_id=e4a62faf-4b87-4fea-8565-caaabb3ac918&scope=web%3Acore&access_type=offline&state=89e05c3a7e534c49fa33f73b3bdd09986b00641fa1afeb9eecdc549a03948af0&service_entity=urn%3Aservice-entity%3Apsn&ui=pr&smcid=web%3Apdc&redirect_uri=https%3A%2F%2Fweb.np.playstation.com%2Fapi%2Fsession%2Fv1%2Fsession%3Fredirect_uri%3Dhttps%253A%252F%252Fio.playstation.com%252Fcentral%252Fauth%252Flogin%253Flocale%253Den_IN%2526postSignInURL%253Dhttps%25253A%25252F%25252Fwww.playstation.com%25252Fen-in%25252F%2526cancelURL%253Dhttps%25253A%25252F%25252Fwww.playstation.com%25252Fen-in%25252F%26x-psn-app-ver%3D%2540sie-ppr-web-session%252Fsession%252Fv5.36.0&auth_ver=v3&error=login_required&error_code=4165&error_description=User+is+not+authenticated&no_captcha=true&cid=230b1906-9977-40aa-a0a3-cdaf014363ca#/signin/input/id,
https://users.nexusmods.com/auth/sign_in?redirect_url=https%3A%2F%2Fwww.nexusmods.com%2F,
https://authenticate.riotgames.com/?client_id=prod-xsso-riotgames&code_challenge=opO40ikPYX3VROyDYPr9O1qa6OdmeInO32Oko3iIydM&method=riot_identity&platform=web&redirect_uri=https%3A%2F%2Fauth.riotgames.com%2Fauthorize%3Fclient_id%3Dprod-xsso-riotgames%26code_challenge%3DopO40ikPYX3VROyDYPr9O1qa6OdmeInO32Oko3iIydM%26code_challenge_method%3DS256%26redirect_uri%3Dhttps%253A%252F%252Fxsso.riotgames.com%252Fredirect%26response_type%3Dcode%26scope%3Dopenid%2520account%2520email%2520offline_access%26state%3D2da8e16d29343212b224528c25&security_profile=low,
https://my.eneba.com/login?ref=%2F,
https://slack.com/signin#/signin,
https://www.onelink.to/account/login,
https://login.okta.com/,
https://admin.duosecurity.com/login?next=%2F,
https://id.atlassian.com/login?continue=https%3A%2F%2Fwww.atlassian.com%2Fgateway%2Fapi%2Fstart%2Fauthredirect%3FatlOrigin%3DeyJpIjoiMzZiODg5YWMwMzhkNDkzYTllODgwMTAzNmZmMmVmYjgiLCJwIjoid2FjLWdsb2JhbGRyb3Bkb3duIn0,
https://zerodha.com/open-account,
https://www.forexfactory.com/,
https://login.upstox.com/?landing_page=home,
https://alpha.chittorgarh.com/AccessDenied.asp?QueryString=&ret_page=%2Fprofile%2Easp&ref=,copying chittorgarh
https://secure.indeed.com/auth?hl=en_IN&co=IN&continue=https%3A%2F%2Fin.indeed.com%2F%3Fr%3Dus&tmpl=desktop&from=gnav-util-homepage&jsContinue=https%3A%2F%2Fprofile.indeed.com%2Fwelcome%3Fhl%3Den_IN%26co%3DIN%26from%3Dgnav-homepage%26continue%3Dhttps%253A%252F%252Fonboarding.indeed.com%252Fonboarding%253Fhl%253Den_IN%2526co%253DIN%2526from%253Dgnav-homepage&empContinue=https%3A%2F%2Faccount.indeed.com%2Fmyaccess,
https://www.16personalities.com/,
https://jooble.org/auth/login/email?backUrl=%2F&source=1,
https://www.dayforcehcm.com/mydayforce/login.aspx,
https://login.gupy.io/candidates/signin?int_ref=menu-institucional,
https://login.seek.com/login?state=hKFo2SBDRWt2SG5qQnFjV00wZWs0eDF0bERIN0FDdEtJeHBuZqFupWxvZ2luo3RpZNkgUDluUmFjb0pIUmN0NGppenNHa0lsWWFuYkdJWm01N2ijY2lk2SB5R0JWZ2U2Nks1TkpwU041dTcxZlU5MFZjVGxFQVNOdQ&client=yGBVge66K5NJpSN5u71fU90VcTlEASNu&protocol=oauth2&redirect_uri=https%3A%2F%2Fwww.seek.com.au%2Foauth%2Fcallback%2F&scope=openid%20profile%20email%20offline_access&audience=https%3A%2F%2Fseek%2Fapi%2Fcandidate&fragment=%2Foauth%2Flogin%3Flocale%3Dau%26language%3Den%26realm%3DUsername-Password-Authentication%26da_cdt%3Dvisid_01925c2f826b0022b0a7a1c83cc80507d001807500bd0-sesid_1728123470444-hbvid_5b5c5ab2_51a7_4dd3_8da7_9dbbdaca9c16-tempAcqSessionId_1728123470447-tempAcqVisitorId_5b5c5ab251a74dd38da79dbbdaca9c16&ui_locales=en&JobseekerSessionId=5858f106-3c64-4880-8c3b-276cf763937e&language=en-AU&response_type=code&response_mode=query&nonce=TE0yV2duN3BvbVc2dnFIVUU3TkxRRkFOSGNLYmlnMzIzeDhCUFZ4M3Y2Mw%3D%3D&code_challenge=SkakOq4DG-QmpsfDM5N4MToZXATegVSP0iNLvCzhRHU&code_challenge_method=S256&auth0Client=eyJuYW1lIjoiYXV0aDAtc3BhLWpzIiwidmVyc2lvbiI6IjEuMjIuMyJ9#/login?locale=au&language=en&realm=Username-Password-Authentication&da_cdt=visid_01925c2f826b0022b0a7a1c83cc80507d001807500bd0-sesid_1728123470444-hbvid_5b5c5ab2_51a7_4dd3_8da7_9dbbdaca9c16-tempAcqSessionId_1728123470447-tempAcqVisitorId_5b5c5ab251a74dd38da79dbbdaca9c16,
https://premium.appcast.io/cc/user-sessions/login,
https://in.talent.com/,
https://app.bamboohr.com/login/,
https://www.smartrecruiters.com/account/sign-in,
https://identity.myisolved.com/Account/Login?ReturnUrl=%2Fconnect%2Fauthorize%2Fcallback%3Fclient_id%3Disolved-infin%26response_type%3Dcode%26scope%3Dopenid%2520offline_access%26code_challenge%3DUsaHgamlON7rUvAxFSm0ad7T9Db_msR_bJCyUrk-nqU%26code_challenge_method%3DS256%26state%3DOpenIdConnect.AuthenticationProperties%253DAJEV78VVtfSaOk5bXBC1f_0R6B0X3nunb3fwvdG83aOw_Wl_fwRPoEODvqHEz8AnOQ6nzsYniRVBWC1CgiyaOD3guLRm1iQyVby0SrEaZ4I_blS21KxlA6iQe1sJ-ga3sTfg0dwlBGQ6joN91-nJl3Jjue5PNxYxe_MGfPUwo0VGSZQwjjXB7-OifwMDmHQKJpJvAsBumBKB8XcNSUNrVjp_MjKyLhTfZbGY-3emmd8%26nonce%3D638637203773907126.MmVmY2EzYzItYTIwMy00ZjI1LWI1NWEtMGY1OGJkZTZmYmZkY2ZmNWFiYjYtYzk5OC00NTg4LTk3MGItMmUyMGRiNDI2NTVh%26redirect_uri%3Dhttps%253A%252F%252Fmyisolved.com%252Fsignin-oidc%26x-client-SKU%3DID_NET461%26x-client-ver%3D5.3.0.0,
https://id.workable.com/oidc/i/4-YZI6D_9H-uYsOCROS9T,
https://app.gusto.com/login,
https://app.keka.com/Account/Login?ReturnUrl=%2F,
https://be.apptentive.com/login,
https://login.cint.com/#/,
https://auth-us.surveymonkey.com/login?state=hKFo2SBlTURMWGhpaV9VamZ2T05jckZPV1pWSDlTd2VkbjZpY6FupWxvZ2luo3RpZNkgenBoZ0hSYlJrX2JEY3g5bHRFR2NhUzZBU1ZiOVlsSzSjY2lk2SBzQTM0RFVtUUE0RUlySkM3cTlRdVBDZjFUNzc4QmZMdg&client=sA34DUmQA4EIrJC7q9QuPCf1T778BfLv&protocol=oauth2&prompt=login&scope=openid%20profile%20email&redirect_uri=https%3A%2F%2Fwww.surveymonkey.com%2Flogin%2Fcallback&ut_ctatext=Log%20in&ut_source=homepage&ut_source3=desktop-header-cta&ui_locales=en&sm.amp_did=ee311838-40d9-4ca1-b36b-376c42e20960&sm.amp_sid=1728123715495&sm.locale=en&sm.country=IN&sm.subdomain=www&sm.social_popup=false&response_type=code&response_mode=query&nonce=UG5LdmpvX2hZZVhITDYteXE2N09MT0N0OHZ4dlRnU2NJU3Y2ckRyV3NheA%3D%3D&code_challenge=8RxlXcz_z7Axr8y5EClf0d6hauVx9-dzTjy1Qv4nbJE&code_challenge_method=S256&auth0Client=eyJuYW1lIjoiYXV0aDAtc3BhLWpzIiwidmVyc2lvbiI6IjIuMC4xIn0%3D#/login,
https://login.qualtrics.com/login,
https://app.lifepointspanel.com/en-IN/login,
https://www.questionpro.com/a/showLogin.do,
https://app.respondent.io/login,
https://measure.dynata.com/,
https://www.businesswire.com/portal/site/home/template.LOGIN/,
https://hdvid.tv/login.html,
https://auth.ticketmaster.com/as/authorization.oauth2?client_id=8bf7204a7e97.web.ticketmaster.us&response_type=code&scope=openid%20profile%20phone%20email%20tm&redirect_uri=https://identity.ticketmaster.com/exchange&visualPresets=tm&lang=en-us&placementId=mytmlogin&hideLeftPanel=false&integratorId=prd1741.iccp&intSiteToken=tm-us&TMUO=west_IpBMZbyNN30VrXtDhU5L2g2iHUKx0mO+5jPL9mPwYZA=&deviceId=Hl%2FgL1Om2z03OkQ9Ojg6PUQ4RDxiYSie4FPnAQ&doNotTrack=true,
https://www.last.fm/login,
https://login.discogs.com/u/login?state=hKFo2SBTVG9sQ01MSEZPajViZE9kVnYxbTNIbkRaM1p3dzdMcaFur3VuaXZlcnNhbC1sb2dpbqN0aWTZIHp3SkRTcTRZMFVDTURUSV84SXVxdU12bWMxM0R4SzJxo2NpZNkgMDg2SDEyQklDVzFiZnRlMVUwQ056NmV4UVFtSk56SGg,
https://bandcamp.com/login,
https://account.deezer.com/en-us/login/,
https://rateyourmusic.com/account/login,
https://idmsa.apple.com/IDMSWebAuth/auth?oauth_token=OATTKNbf8d8fbb-35c7-4ad2-8706-a03d86dec94834cad19797215da756a2cfa6b1f14816a7b8fa89448e7d5e8d70f5d9a225cf97ed0dc60b6c2d9675c4fdb14df256d18657e7ba86aca2fbdfe597e727fbe7e3837d0397b60de59212549ca8ab841aae5c585a47,
https://www.zillow.com/,
https://accounts.craigslist.org/login?rp=%2Flogin%2Fhome&rt=L,
https://www.realtor.com/,
https://www.rightmove.co.uk/,
https://id.realestate.com.au/u/login/identifier?state=hKFo2SBNZEFGcUNJVVdyTmRKWHVQbkdLdTU2WG52SEJ4eS1KTaFur3VuaXZlcnNhbC1sb2dpbqN0aWTZIHc5YUR4ZGJReDczc3dJQ3A2U3Uzb1VxYjJjd0c3QUV4o2NpZLoyZmIwNmRxYWI5NWhjaTQ2ZGdsZHBoMDM4Mg,
https://www.homes.com/,
https://www.apartments.com/,
https://www.immobiliare.it/,
https://www.vrbo.com/login?enable_login=true&uurl=e3id%3Dredr%26rurl%3D%2F,
https://www.zoopla.co.uk/signin/?return_url=%2F,
https://www.trulia.com/,
https://auth.uber.com/v2/?breeze_init_req_id=cefc8d84-b6cf-4232-89c1-ac45e0bb0f14&breeze_local_zone=phx8&next_url=https%3A%2F%2Fwww.ubereats.com%2Flogin-redirect%2F%3Fapp_clip%3Dfalse%26campaign%3Dsignin_universal_link%26guest_mode%3Dfalse%26marketing_vistor_id%3Dfe089e9b-570a-4a56-b8c6-2c433470c0d9%26redirect%3D%252F&state=wm447M3R683t273nkbhYk4cSh2pPJfgZTtAnYxc_hPk%3D&x-uber-did=62a3f9e5-53d2-4845-a2e8-997e31f9cb9d,
https://www.doordash.com/,
https://www.opentable.com/,
https://www.pizzahut.co.in/account/otp,
https://www.grubhub.com/login,
https://www.tacobell.com/,
https://www.zomato.com/,
https://www.chipotle.com/,
https://glovoapp.com/,
https://id.elsevier.com/as/authorization.oauth2?platSite=SD%2Fscience&additionalPlatSites=GH%2Fgeneralhospital%2CMDY%2Fmendeley%2CSC%2Fscopus&scope=openid%20email%20profile%20els_auth_info%20els_idp_info%20els_idp_analytics_attrs%20els_sa_discover%20urn%3Acom%3Aelsevier%3Aidp%3Apolicy%3Aproduct%3Aindv_identity&response_type=code&redirect_uri=https%3A%2F%2Fwww.sciencedirect.com%2Fuser%2Fidentity%2Flanding&authType=SINGLE_SIGN_IN&prompt=login&client_id=SDFE-v4&state=retryCounter%3D0%26csrfToken%3D8d1b8cc2-d0f4-400d-a24c-c0c6a79a051c%26idpPolicy%3Durn%253Acom%253Aelsevier%253Aidp%253Apolicy%253Aproduct%253Aindv_identity%26returnUrl%3D%252F%26prompt%3Dlogin&els_policy=idp_policy_indv_identity_plus,
https://www.goal.com/en-in/login,
https://olympics.com/en/sign-in?origin=https://olympics.com/&entry_point_type=home_sign_in&entry_point_tag=BAU,
https://www.chess.com/register?returnUrl=https://www.chess.com/,
https://www.cricbuzz.com/premium-subscription/user/login,
https://www.mlb.com/login?redirectUri=/,
https://www.sportskeeda.com/login?after-login=https://www.sportskeeda.com/,
https://www.samsung.com/in/web/login?redirect_uri=https%3A%2F%2Fwww.samsung.com%2Fin%2F#login-page,
https://login.xfinity.com/login?c_ds_na=c_ds_na%2Cc_ds_no%2Cc_ds_ts%2Cclient_id%2Ccontinue%2CmaxAuthnAge%2Cr%2CreqId%2Cs&c_ds_no=6A8C94B7DC4B516251001B2DA3D5F01D&c_ds_ts=1728129869&c_ds_val=49AA2A400FF27E7C07AE3E850BFBE814F776F39573E69A9297E4A5FB35062E91&client_id=x--d2.prod.new.cmsplatform&continue=https%3A%2F%2Foauth.xfinity.com%2F%2Foauth%2Fauthorize%3Fclient_id%3Dx--d2.prod.new.cmsplatform%26response_mode%3Dform_post%26redirect_uri%3Dhttps%253a%252f%252fcontent.xfinity.com%252fsignin-cima%26response_type%3Dcode%26scope%3Dopenid%2Bprofile%2Bemail%2Baddress%2Boffline_access%2Bphone%2Burn%253ambo%253ascope%253aaccount%253aonbehalf%2Burn%253acsp%253ascope%253achannel-lineup%2Burn%253acima%253acrs%253aitem%253acreate%2BXFN_SC_USER%2BXFN_SSM_ORDER%2BXFN_SOO_QUAP%2Bsoo%253abilling%2Bxcp%253aconsent%253aread%2Bxcp%253aconsent%253aaccept%2Bxcp%253acheckout%253astatus%253aget%2Bxcp%253aacp%253aenrollment%253acreate%2Bxcp%253aacp%253aenrollment%253aread%2Bxcp%253aconsent%253apresent%2Bxcp%253aacp%253aenrollment%253aupdate%26state%3DOpenIdConnect.AuthenticationProperties%253davoNu1vr68sMnfNKdMirHXbzPW3Cto1BCa6pXxQTRJZRUqzf28994WHMT31QhkiZF2rOVhe2fr_SAEfywJi_HwIUopy8tVZcFZtHB_KdpL8fMOLHtjdFD_K7u0XgIRt_KI0PR6SKpS_rqLF1kkTP2CccfvcfnL9ByS81lARoW9QT5przv3ZIFUcIu1-U5R6s_u4ixEMdjCQcWa5VqStAEC8l-bBUQZ7FK9Ys3kYhBcBdqNPuyC6g-4iD32ClNkrPTnE_QXluaWSg9HdP7Rl3DDCO15G_obGQnVLUYBV-Pijf6EQciyMR8ngZrLOywfuBCscC2g2vvvdeEfcyXNn3Jvs7Yld01M8b2x_pXWnlFq9TH5lLgHwa97CtxcLwLcaQphJOB5f0hU-u7IqgoZR8VmxF08g%26max_age%3D900%26response%3D1%26reqId%3Dd9348bfc-bf93-490f-b0b5-efd568d78ebe&maxAuthnAge=900&r=comcast.net&reqId=3ec5923e-bd37-4277-88d8-531fe84459a3&s=oauth,
https://account.t-mobile.com/signin/v2/?redirect_uri=https:%2F%2Fwww.t-mobile.com%2Fsignin&scope=TMO_ID_profile%2520associated_lines%2520ban_roles%2520billing_information%2520associated_billing_accounts%2520extended_lines%2520token%2520openid%2520vault%2520role%2520consent&client_id=MYTMO&access_type=ONLINE&response_type=code&approval_prompt=auto&prompt=select_account&state=eyJpbnRlbnQiOiJMb2dpbiIsImJvb2ttYXJrVXJsIjoiaHR0cHM6Ly93d3cudC1tb2JpbGUuY29tL2FjY291bnQvZGFzaGJvYXJkIn0,
https://signin.att.com/dynamic/iamLRR/LrrController?IAM_OP=login&appName=m14186&loginSuccessURL=https:%2F%2Foidc.idp.clogin.att.com%2Fmga%2Fsps%2Foauth%2Foauth20%2Fauthorize%3Fresponse_type%3Did_token%26client_id%3Dm14186%26redirect_uri%3Dhttps%253A%252F%252Fwww.att.com%252Fmsapi%252Flogin%252Funauth%252Fservice%252Fv1%252Fhaloc%252Foidc%252Fredirect%26state%3Dfrom%253Dnx%26scope%3Dopenid%26response_mode%3Dform_post%26nonce%3DHVXxiE7c,
https://mblogin.verizonwireless.com/account/business/ilogin?_gl=1%2a1qqhsh3%2a_ga%2aNjI1NDMyMjY0LjE3MjgxMjk5NjQ.%2a_ga_12R1DX1LX7%2aMTcyODEyOTk2NC4xLjEuMTcyODEyOTk3NC41MC4wLjA.,
https://www.lg.com/in/login/,
https://id.spectrum.net/login?account_type=RESIDENTIAL&client_id=consumer_portal&code_challenge=a7XXBIxjnHn7XQQ-W_TkE1l9alTqyHjZ-txn9ZGLUFs&code_challenge_method=S256&exVisitID=202410051207P-b25c56ab-0578-4d2f-a069-702a98f55571&l10n=en&nonce=254461083873943832633694774878&redirect_uri=https:%2F%2Fwww.spectrum.net%2Fsign-in-redirect&state=eyJpc0RsYSI6ZmFsc2UsInRhcmdldFVybCI6Imh0dHBzOi8vd3d3LnNwZWN0cnVtLm5ldC9hY2NvdW50LXN1bW1hcnkiLCJ2aXNpdElkIjoiMjAyNDEwMDUxMjA3UC1iMjVjNTZhYi0wNTc4LTRkMmYtYTA2OS03MDJhOThmNTU1NzEiLCJ4c3JmIjoiUmtoc2FqUmxmbGhvWXkxNU5IcG9VazR0UVhwa1RYaC1aMmd3Wm1obVVtSk9SbkpRZWpCNGEzNXBNUSJ9,
https://www.jio.com/selfcare/login/,
https://www.truecaller.com/,
https://reg.usps.com/entreg/LoginAction_input?app=Phoenix&appURL=https://www.usps.com/&_gl=1*ftsbxf*_gcl_au*NzAzMjQ0MTQyLjE3MjgxMzAxODE.*_ga*MTcyNTcxNDcyNy4xNzI4MTMwMTgx*_ga_3NXP3C8S9V*MTcyODEzMDE4MS4xLjAuMTcyODEzMDE4MS4wLjAuMA..,
https://www.ups.com/lasso/login?loc=en_US&returnto=https%3A%2F%2Fwww.ups.com%2Fus%2Fen%2FHome.page,
https://www.irctc.co.in/nget/train-search,
https://www.royalmail.com/login?destination=/,
https://user.17track.net/en,
https://www.thetrainline.com/en-us,
https://bluedart.com/,
https://www.americanexpress.com/en-in/account/login?inav=in_utility_login,
https://www.wetteronline.de/login,
"https://www.flightradar24.com/28.65,77.24/6",
https://www.ryanair.com/ie/en,
https://in.trip.com/?locale=en-in,
https://www.expedia.com/login?ckoflag=0&uurl=e3id%3Dredr%26rurl%3D%2F,
https://www.flightaware.com/account/join/,
https://www.skyscanner.co.in/?previousCultureSource=GEO_LOCATION&redirectedFrom=www.skyscanner.net,
https://www.marriott.com/default.mi,
https://www.united.com/en/us,
https://accounts.motorsportnetwork.com/login?client_id=81&response_type=code&locale=en_US,
https://www.marktplaats.nl/identity/v2/login?target=https%3A%2F%2Fwww.marktplaats.nl%2F,
https://auth.carfax.com/u/login?state=hKFo2SB3a3FCMFJxNHE0aElNU2I1TzJPRFJHcThsaU9Fc0ZaSqFur3VuaXZlcnNhbC1sb2dpbqN0aWTZIFRvRVI1NU1DdEduZjBDTzZNOWpsQzVhUFR0RUs3RV8zo2NpZNkgR05XczFMV0lIcDNuRU00Umd4d0JkQnJwNTVaZTVMeDI,
https://account.formula1.com/#/en/login?redirect=https%3A%2F%2Fwww.formula1.com%2F&lead_source=web_f1core,
https://www.cargurus.com/Cars/authentication/renderRegisterLoginForm.action?redirectUrl=%2FCars%2Fauthentication%2FrenderRegisterLoginForm.action%3FredirectUrl%3D%2F,
https://sso.justanswer.com/?isPpc=1,
https://www.autotrader.co.uk/?refresh=true,
https://auth.tesla.com/en_us/oauth2/v1/authorize?redirect_uri=https%3A%2F%2Fwww.tesla.com%2Fteslaaccount%2Fowner-xp%2Fauth%2Fcallback&response_type=code&client_id=ownership&scope=offline_access%20openid%20ou_code%20email%20phone&audience=https%3A%2F%2Fownership.tesla.com%2F&locale=en-US,
https://www.autozone.com/signin,
https://www.cars.com/,
https://www.autotrader.com/,
https://auth.openai.com/authorize?client_id=TdJIcbe16WoTHtN95nyywh5E4yOo6ItG&scope=openid%20email%20profile%20offline_access%20model.request%20model.read%20organization.read%20organization.write&response_type=code&redirect_uri=https%3A%2F%2Fchatgpt.com%2Fapi%2Fauth%2Fcallback%2Flogin-web&audience=https%3A%2F%2Fapi.openai.com%2Fv1&device_id=c36614cf-329a-4a9e-ae38-d75941c5897a&prompt=login&screen_hint=login&ext-oai-did=c36614cf-329a-4a9e-ae38-d75941c5897a&flow=control&ext-login-allow-phone=true&country_code=IN&state=nqQutT-gyGIYeGBlX2ZKuKfMuE_n7AHpKFoAJMdTqdI&code_challenge=qvG5owZKcORrXPvsLjNJ9TBDnE8zGPtcPk5HLfXP4r0&code_challenge_method=S256,
https://auth.max.com/login?_referrer=eyJlbGVtZW50IjoiQnV0dG9uIiwic2NyZWVuTmFtZSI6IkF2YWlsYWJpbGl0eSB8IE1heCIsInNjcmVlblVSSSI6Imh0dHBzOi8vd3d3Lm1heC5jb20vZ2VvLWF2YWlsYWJpbGl0eSIsImxvY2F0aW9uIjoiT3RoZXIvQXZhaWxhYmlsaXR5IHwgTWF4fGJhbmR8MzI0NiIsImxvY2F0aW9uUG9zaXRpb24iOjAsInRhcmdldFRleHQiOiJTaWduIEluIn0%3D,
https://socialblade.com/login,
https://www.easyjet.com/en/,
https://www.delta.com/apac/en,
https://www.southwest.com/,
https://www.makemytrip.com/,
"https://www.windy.com/login?28.633,77.220,5",
https://www.superdrug.com/,
https://users.premierleague.com/?redirect_uri=https://www.premierleague.com/&app=pl-web,
https://authentification-candidat.francetravail.fr/connexion/XUI/?realm=/individu&goto=https://authentification-candidat.francetravail.fr/connexion/oauth2/realms/root/realms/individu/authorize?realm%3D/individu%26response_type%3Did_token%2520token%26scope%3Dactu%2520application_USG_PN073-tdbcandidat_6408B42F17FC872440D4FF01BA6BAB16999CD903772C528808D1E6FA2B585CF2%2520compteUsager%2520contexteAuthentification%2520coordonnees%2520courrier%2520email%2520etatcivil%2520idIdentiteExterne%2520idRci%2520individu%2520logW%2520messagerieintegree%2520navigation%2520nomenclature%2520notifications%2520openid%2520pilote%2520pole_emploi%2520prdvl%2520profile%2520reclamation%2520suggestions%2520mesrdvs%26client_id%3DUSG_PN073-tdbcandidat_6408B42F17FC872440D4FF01BA6BAB16999CD903772C528808D1E6FA2B585CF2%26state%3DIemaksiwosAOzBIa%26nonce%3DJ-Br3sFcMFmpsHU1%26redirect_uri%3Dhttps://candidat.pole-emploi.fr/espacepersonnel/#login/,
https://1337x.to/login,
https://www.mail.com/,
https://www.nikkansports.com/,
https://slimspots.com/login,
https://depositphotos.com/,
https://accounts.interpark.com/login/form,
https://www.adslgate.com/login.php,
https://www.todayhumor.co.kr/,
https://www.rakuten.com/,
https://my.gumtree.com/login,
https://auth.digital.panasonic.com/login?state=hKFo2SBhSVZMUFZnNTdfSng5MmdablZtUFlDWklMOUFmeWRXVKFupWxvZ2luo3RpZNkgc2F2dW91Y3NJMExpMHdWR1c2OFRwZC1zSjlSQjU1Vk6jY2lk2SBWTGlnSndwbEl6cWM4TmpxRDJmRUZMM2xaU2VMdjRFMw&client=VLigJwplIzqc8NjqD2fEFL3lZSeLv4E3&protocol=oauth2&redirect_uri=https%3A%2F%2Fpanasonic.jp%2Fauthn-base%2Fcallback%2Flogin%2F&scope=openid%20offline_access%20pdp.mfa.phone_number&response_mode=query&response_type=code&nonce=22dde99aa780113e667c234e7b2ef30d&code_challenge=abbJgFNpG_yy8zPaVRiCbPsYDBfOxw2S3EmWwrTsU24&code_challenge_method=S256#ga4_cid=1940639927.1728277958&ga4_sid=1728278039&ua_cid=1940639927.1728277958,
https://app.iconosquare.com/signin,
https://myaccount.sulekha.com/html/sulsignin.html?removesocial=1&redirect=https://www.sulekha.com/,
https://client.schwab.com/Areas/Access/Login,
https://www.discover.com/,
https://nextdoor.com/,
https://eztvx.to/login/,
https://authentication.liveperson.net/accountSelection.html?source=login_html,
https://www.canva.com/en_in/login/,
https://protection.mcafee.com/dashboard?skip-welcome=1&source=store&affid=0,
https://turbobit.net/login,
https://identity.goto.com/login?service=https%3A%2F%2Fauthentication.logmeininc.com%2Foauth%2Fapprove%3Fclient_id%3D007d3a8e-5b8e-4af6-8db1-b8d52853439f%26response_type%3Dtoken%26redirect_uri%3Dhttps%253A%252F%252Fmyaccount.logmeininc.com%26login_theme%3Dgoto&theme=goto&tenant=alltenants,
amazon.com,
pinterest.com,
https://wordpress.com/,
blogspot.com,
https://imgur.com/,
https://www.zara.com/in/en/logon,
https://www.amazon.de/,
https://panamahatshop.com/en/,
https://classicregister.com/,
https://www.bestmassage.com/,
https://savagerecruitmentacademy.wildapricot.org/Sys/Login,
https://centuryfuelproducts.com/,
https://www.toyconnection.com/,
https://www.wponlinesupport.com/my-account/,
https://www.alibaba.com/,
https://www.outbrain.com/,
https://in.jbl.com/,
https://www.gibson.com/en-US/,
https://www.similarweb.com/top-websites/finance/,
https://www.business-standard.com/login?redirect_uri=/,
https://www.mitid.dk/en-gb/,
https://www.sephora.com/,
https://www.veepee.fr/gr/home/default,
https://www.argos.co.uk/account/login?clickOrigin=header:home:account,
https://www.otto.de/customer-identity/login?entryPoint=loginArea,
https://forever21.abfrl.in/,
https://www.indiamart.com/,
https://www.gumtree.com.au/t-login-form.html,
https://www.indiegogo.com/,
https://accounts.shutterfly.com/?redirectUri=https%3A%2F%2Fwww.shutterfly.com%2F&cid=&brand=SFLY&theme=SFLY,
https://www.creditkarma.com/auth/logon,
https://www.myvouchercodes.co.uk/member/login,
https://accounts.spotify.com/en-GB/login?continue=https%3A%2F%2Fopen.spotify.com%2F,
https://meta.stackexchange.com/users/login?returnurl=https%3a%2f%2fstackexchange.com%2fusers%2flogin-or-signup%2fdelegated%3freturnurl%3dhttps%253a%252f%252fstackexchange.com%253f_%253d2125890409&cdl=1,
https://www2.hm.com/en_in/index.html,
https://www.mercari.com/login/,
https://shop.app/,
https://www.uniqlo.com/in/auth/v1/login,
https://poshmark.com/login?pmrd%5Burl%5D=%2F,
https://www.ajio.com/b/wills-lifestyle#:~:text=BUY%20WILLS%20LIFESTYLE%20BRAND%20ONLINE.%20You%E2%80%99ll%20find%20the%20latest%20international,
https://www.hushpuppies.com/sign-in,
https://www.bankofamerica.com/,
https://retail.onlinesbi.sbi/,
https://www.axisbank.com/,
https://www.indianbank.in/,
https://www.federalbank.co.in/,
https://www.paypal.com/in/home,
https://www.chase.com/,
https://www.capitalone.com/,
http://citi.com/,
https://www.discover.com/,
https://www.creditkarma.com/,
https://www.scotiabank.com/global/en/global-site.html,
https://www.axisbank.com/axis-voice-banking,
https://www.pin1.harvard.edu/cas/login?service=https%3A%2F%2Fconnections.harvard.edu%2F,
https://www.merriam-webster.com/login,
https://askubuntu.com/users/login?ssrc=head&returnurl=https%3a%2f%2faskubuntu.com%2f,
https://www.biblegateway.com/,
https://www.dict.cc/,
https://www.codeproject.com/,
https://www.instructure.com/en-au/canvas/login,
https://auth.scribd.com/u/login?state=hKFo2SBKdVVtV3VDNGFPNlpCSUEzS0x4Qmc0OUhoS0NUZmRJTaFur3VuaXZlcnNhbC1sb2dpbqN0aWTZIHFSdXJreVpfQThhUTdEeXJXRmd2YzlzdGplUmJ5TFExo2NpZNkgZ3ljN3lyZnpzdkpmaXd5bHNlYXU4Y3g5dVZhb2FOU1A&ui_locales=enn,
https://byjus.com/,
https://www.udemy.com/join/passwordless-auth/?locale=en_US&next=https%3A%2F%2Fwww.udemy.com%2F&response_type=html,
https://www.toppr.com/ask/,
https://en.duolingo.com/?isLoggingIn=true,
https://www.grammarly.com/signin?utm_source=google&utm_medium=cpc&utm_campaign=19841729896&utm_content=652327863983&utm_term=grammar+check,
https://quizlet.com/gb,
https://www.studocu.com/en-us/login#:~:text=Login%20to%20your%20Studocu%20account%20to%20get,
https://www.coursera.org/?authMode=logi,
https://www.pw.live/study/auth?referred_from=home_page&cta_type=Login,
https://quizizz.com/login?source=top_nav_login_button&ctaSource=top_nav_login_button&ref=header_tab&webflow_referrer=webflow&lng=en&fromPage=/,
https://www.shiksha.com/,
https://help.powerschool.com/t5/user/userloginpage?dest_url=https%3A%2F%2Fhelp.powerschool.com%2F,
https://my.cherrycreekschools.org/idp/AuthnEngine#/authn,
https://www.khanacademy.org/login,
https://kinvo.kinvolved.com/users/sign_in,
https://mocktest.jagranjosh.com/login,
https://brainly.in/login?entry=2&source=unlogged+homepage+header+button,
https://www.signupgenius.com/register,
https://wordwall.net/account/login,
https://www.qconcursos.com/,
https://secure.smore.com/login,
https://login.k12.com/,
https://www.vedantu.com/,
https://schools.compass.education/,
https://www.grancursosonline.com.br/identificacao#:~:text=E-mail.%20Celular.%20Senha%20cadastro.?msockid=0750749aa55b6cb219586076a4b96d3f,
https://www.parentsquare.com/signin,
https://prod.idp.collegeboard.org/,
https://www.infinitecampus.com/audience/parents-students/login-search,
https://student.classdojo.com/#/login,
https://auth.udacity.com/sign-in?next=,
https://www.instructables.com/account/login/?nxtPg=,
https://commons.wikimedia.org/w/index.php?returnto=Main+Page&title=Special:UserLogin&centralAuthAutologinTried=1&centralAuthError=Not+centrally+logged+in,
https://www.bartleby.com/login?referrer=%2F%3FisBot%3DNewRelicSynthetics,
https://profile.theguardian.com/signin?INTCMP=DOTCOM_NEWHEADER_SIGNIN&ABCMP=ab-sign-in&componentEventParams=componentType%3Didentityauthentication%26componentId%3Dguardian_signin_header,
https://www.medicalnewstoday.com/,
https://nextdoor.com/,
https://www.slideshare.net/login?from_source=%2F,
https://www.geeksforgeeks.org/,
https://www.vocabulary.com/login/,
https://www.goodreads.com/user/sign_in,
https://www.redbubble.com/auth/login?next_action=%2F,
https://secure.thefreedictionary.com/Login.aspx?returnTo=https%3a%2f%2fwww.thefreedictionary.com,
https://sso.justanswer.com/,
https://cscservices.mahaonline.gov.in/Dashboard/Login.aspx#:~:text=Enter%20your%20Login%20id%20below%20;%20We'll%20email%20you%20a,
https://wyspa.app/login,
https://stackoverflow.com/users/login?ssrc=head&returnurl=https%3a%2f%2fstackoverflow.com%2f,
https://wordpress.com/log-in/,
https://account.apps.progressive.com/access/login?cntgrp=A&fd=accountHome,
https://id.elsevier.com/as/authorization.oauth2?platSite=SD%2Fscience&additionalPlatSites=GH%2Fgeneralhospital%2CMDY%2Fmendeley%2CSC%2Fscopus&scope=openid%20email%20profile%20els_auth_info%20els_idp_info%20els_idp_analytics_attrs%20els_sa_discover%20urn%3Acom%3Aelsevier%3Aidp%3Apolicy%3Aproduct%3Aindv_identity&response_type=code&redirect_uri=https%3A%2F%2Fwww.sciencedirect.com%2Fuser%2Fidentity%2Flanding&authType=SINGLE_SIGN_IN&prompt=login&client_id=SDFE-v4&state=retryCounter%3D0%26csrfToken%3D8d1b8cc2-d0f4-400d-a24c-c0c6a79a051c%26idpPolicy%3Durn%253Acom%253Aelsevier%253Aidp%253Apolicy%253Aproduct%253Aindv_identity%26returnUrl%3D%252F%26prompt%3Dlogin&els_policy=idp_policy_indv_identity_plus,
https://ugccare.unipune.ac.in/Apps1/,
https://www.semrush.com/login/?src=header&redirect_to=%2Fwebsite%2Fspace.com%2Foverview%2F,
https://phys.org/,
https://customer.sg.wiley.com/CGI-BIN/lansaweb?procfun+shopcart+shcfn12+funcparms+parmurl(l0210):http://www.wiley.com+HSOURCE(a0010):,
https://www.overleaf.com/register,
https://login.mdpi.com/login?_target_path=https%3A%2F%2Fwww.mdpi.com%2Fuser%2Flogin%3FauthAll%3Dtrue,
https://arxiv.org/login,
https://orcid.org/signin,
https://www.semanticscholar.org/,
https://serverfault.com/users/login?ssrc=head&returnurl=https%3a%2f%2fserverfault.com%2f,
https://fanfox.net/login/?from=%2f,
https://www.leo.org/german-english,
https://www.linkedin.com/learning-login/?redirect=%2Flearning%2F%3FupsellOrderOrigin%3Dlynda_redirect_learning&upsellOrderOrigin=lynda_redirect_learning&fromSignIn=true&trk=homepage-learning_nav-header-signin,
https://tutsplus.com/sign_in?redirect_to=https%3A%2F%2Ftutsplus.com%2F,
https://member.webmd.com/signin,
https://access.login.nhs.uk/enter-email,
https://account.mayoclinic.org/account.mayoclinic.org/b2c_1a_patient_signup_signin/oauth2/v2.0/authorize?client_id=24e83c70-19b1-4a2f-9412-fd5838c56be7&scope=openid%20profile%2024e83c70-19b1-4a2f-9412-fd5838c56be7&response_type=code&redirect_uri=https%3A%2F%2Fonlineservices.mayoclinic.org%2Fpatientportal%2Fapi%2Fauth%2Fcallback%2Fazure-ad-b2c&code_challenge=k3jvo6HCpbJJOLKzPQrvIueudT0QTOTAFhcbwoNV9ow&code_challenge_method=S256,
https://member.webmd.com/signin,
https://www.doctolib.fr/sessions/new?context=navigation_bar,
https://secure.aarp.org/applications/user/login?response_type=code&client_id=0oa3rtsa6ahTQReOG2p7&redirect_uri=https://www.aarp.org/aarp/auth/callback&scope=bui+bmi+openid&state=https://www.aarp.org/,
https://identityauth.kaiserpermanente.org/as/authorization.oauth2?response_type=code&client_id=KPORGOauthClientPAWebSession&redirect_uri=https%3A%2F%2Fhealthy.kaiserpermanente.org%2Fpa%2Foidc%2Fcb&state=eyJ6aXAiOiJERUYiLCJhbGciOiJkaXIiLCJlbmMiOiJBMTI4Q0JDLUhTMjU2Iiwia2lkIjoiZmEiLCJzdWZmaXgiOiJrSjdtZVkuMTcyODEyMjMwOCJ9..iagJ3nvqqCCYZPA_EzkObQ.pzbFXcTZSEaQYfKZbn2UktmeNJyouOCsslOIxtVQaRLe3vEUJT793LLrYMt-BHYILDARqkC7Pb4R5u9dJtWpC13oTgEwxGRrC8LX1HHeZDKDI0vodFgPKfGVBgqtqXW7nSbzIxOsu_q6U5H_sKDxHg.XXfNFbShEZ9wcUqiP-Y0bA&nonce=xY4N6BLYP6bgHVa4ibNfy5YJ4i2IC3at_oRgJIMs7ao&scope=openid%20openid&vnd_pi_requested_resource=https%3A%2F%2Fhealthy.kaiserpermanente.org%2Fsecure%2Finner-door&vnd_pi_application_name=KPORG_HEALTHY_AEMandPortal,
https://www.drugs.com/account/login/,
https://www.healthcare.gov/login,
https://www.healthsafe-id.com/rt/login/uhccom/en?TARGET=https%3A%2F%2Fwww.healthsafe-id.com%2Frt%2Fsecure%2Fauth%2Fuhccom%2Fen%3Fresume%3D%2Fas%2Fb8GFbJVPVB%2Fresume%2Fas%2Fauthorization.ping%26spentity%3Dnull%26scope%3Dopenid%2520profile%26response_type%3Dcode%26pfidpadapterid%3DHsidNewUIOidc%26redirect_uri%3Dhttps%3A%2F%2Fmember.uhc.com%2Fone-portal%2Fprotected%2Foidc%2Fv1%2Fcallback%26portal%3Duhccom%26lang%3Den%26client_id%3Doneportal_hsid_prod&resume=%2Fas%2FBFCbL56Ukl%2Fresume%2Fas%2Fauthorization.ping&reason=0,
https://www.amazon.in/ap/signin?openid.pape.max_auth_age=0&openid.return_to=https%3A%2F%2Feu.primevideo.com%2Fauth%2Freturn%2Fref%3Dav_auth_ap%3F_t%3D1sg5gAZhAVfIBmLkt9SrWr_ZSPWLc_vsxyr5TewvB_aVvdAAAAAQAAAABnAOTLcmF3AAAAAPgWC9WfHH8iB-olH_E9xQ%26location%3D%2Foffers%2Fnonprimehomepage%3Fref_%253Ddv_web_force_root&openid.identity=http%3A%2F%2Fspecs.openid.net%2Fauth%2F2.0%2Fidentifier_select&accountStatusPolicy=P1&openid.assoc_handle=amzn_prime_video_sso_in&openid.mode=checkid_setup&countryCode=IN&siteState=261-2003125-7956230&language=en_US&openid.claimed_id=http%3A%2F%2Fspecs.openid.net%2Fauth%2F2.0%2Fidentifier_select&openid.ns=http%3A%2F%2Fspecs.openid.net%2Fauth%2F2.0,
https://genius.com/login,
https://www.netflix.com/in/,
http://disneyplus.com/,
https://store.crunchyroll.com.au/login,
https://www.gamespot.com/login-signup/,
https://www.deviantart.com/users/login,
https://gamerant.com/,
https://www.justwatch.com/,
My Account / ivi.ru,
https://tunein.com/,
google.com,
facebook.com,
youtube.com,
yahoo.com,
https://x.com/,
live.com,
linkedin.com,
yahoo.co.jp,
bing.com,
instagram.com,
msn.com,
amazon.co.jp,
reddit.com,
Google,
https://www.typepad.com/secure/services/signin?to=%2Fdashboard%2F,
https://www.kwai.com/foryou,
https://serverfault.com/users/login?ssrc=head&returnurl=https%3a%2f%2fserverfault.com%2f,
https://login.yahoo.com/?.lang=en-US&src=homepage&.done=https%3A%2F%2Fwww.yahoo.com%2F&pspid=2023538075&activity=ybar-signin,
https://account.bbc.com/auth?realm=%2F&clientId=Account&ptrt=https%3A%2F%2Fwww.bbc.com%2F&userOrigin=BBCS_BBC&isCasso=false&action=sign-in&redirectUri=https%3A%2F%2Fsession.bbc.com%2Fsession%2Fcallback%3Frealm%3D%2F&service=IdSignInService&nonce=AExwGuLx-TAoHG_QvTeW5XXrQYz6jv8hQ8eM,
https://myaccount.nytimes.com/auth/login?response_type=cookie&client_id=vi&redirect_uri=https%3A%2F%2Fwww.nytimes.com%2Fsubscription%2Fonboarding-offer%3FcampaignId%3D7JFJX%26EXIT_URI%3Dhttps%253A%252F%252Fwww.nytimes.com%252F&asset=masthead,
https://account.bbc.com/auth/register/email?ab=o13&action=register&clientId=Account&context=international&isCasso=false&nonce=vw7ZGUn0-TOA3usB-YGcfqpOQ8MoB1tVp5Yw&ptrt=https%3A%2F%2Fwww.bbc.com%2F&realm=%2F&redirectUri=https%3A%2F%2Fsession.bbc.com%2Fsession%2Fcallback%3Frealm%3D%2F&sequenceId=02a37ff4-75b9-42ae-bf92-2accdaf831f9&service=IdRegisterService&userOrigin=BBCS_BBC,
,
,
https://www.dailymail.co.uk/registration/login.html?reg_source=navigation&targetUrl=https://www.dailymail.co.uk/home/index.html,
https://accounts.hindustantimes.com/?type=plain&ref=ht&funnel_entry=top_header&cta=top_header&is_premium=false,
https://edition.cnn.com/account/log-in,
https://www.thehindu.com/,
https://kanaknews.com/reader/login,
https://www.bhaskar.com/account/login?redirectURI=https%3A%2F%2Fwww.bhaskar.com%2F,
,
https://auth.newslaundry.com/user-login?callback-url=https%3A%2F%2Fwww.newslaundry.com&redirect-url=https%3A%2F%2Fwww.newslaundry.com%2Ftopic%2Findia-ahead,
https://navbharattimes.indiatimes.com/,
https://auth.indiatoday.in/user/login?ReturnTo=https%3A%2F%2Fauth.indiatoday.in%2Fsimplesaml%2Fmodule.php%2Fsso%2Fresume.php%3FState%3D_7f568b72667362a30809d9bf6e9e86d13afa7cb86f,
https://scroll.in/signin,
https://www.thequint.com/subscribe,
https://indianexpress.com/login/,
https://login.usatoday.com/USAT-GUP/authenticate/?success-url=https%3A%2F%2Fwww.usatoday.com%2F&cancel-url=https%3A%2F%2Fwww.usatoday.com%2F&from-state=returning-user-get-redirect&cookies=,
https://www.forbes.com/,
https://auth.ndtv.com/w/sso.html?siteurl=https%3A%2F%2Fwww.ndtv.com%2F,
https://www.independent.co.uk/login?regSourceMethod=login%20overlay,
https://www.cnbc.com/world/?region=world,
https://www.washingtonpost.com/subscribe/signin/?next_url=https%3A%2F%2Fwww.washingtonpost.com%2F&nid=top_pb_signin&arcId=&account_location=ONSITE_HEADER_HOMEPAGE&itid=nav_sign_in,
https://www.indiatimes.com/login,
https://apnews.com/login,
https://profile.theguardian.com/signin?INTCMP=DOTCOM_NEWHEADER_SIGNIN&ABCMP=ab-sign-in&componentEventParams=componentType%3Didentityauthentication%26componentId%3Dguardian_signin_header,
https://my.foxnews.com/,
https://nypost.com/,
https://www.newsweek.com/,
https://www.hindustantimes.com/,
https://www.thesun.co.uk/,
https://www.feedspot.com/infiniterss.php?_src=feed_title&followfeedid=3975302&q=site:https%3A%2F%2Fwww.latimes.com%2Fworld%2Frss2.0.xml,
https://www.thestar.com/users/login/?referer_url=https%3A%2F%2Fwww.thestar.com%2F,
https://www.latimes.com/,
https://www.smh.com.au/,
https://www.cbc.ca/account/login?returnto=https://www.cbc.ca/news&referrer=https://www.cbc.ca/news,
https://cloud.newsletters.time.com/signup?nln=pov,
https://www.reuters.com/account/sign-in/?redirect=https%3A%2F%2Fwww.reuters.com%2F,
https://www.aljazeera.com/account,
https://profile.thedailystar.net/login?redirect_to=https://epaper.thedailystar.net/Home/ArticleView,
https://member.bangkokpost.com/login,
https://www.thejakartapost.com/user/account/login,
https://www.japantimes.co.jp/,
https://new-subscription.chinadaily.com.cn/views/login/index.html?redirect=https%253A%252F%252Fnew-subscription.chinadaily.com.cn%252Fviews%252Fhome%252Findex.html,
https://sso.accounts.dowjones.com/login-page?client_id=5hssEAdMy0mJTICnJNvC9TXEw3Va7jfO&redirect_uri=https%3A%2F%2Fwww.wsj.com%2Fclient%2Fauth&response_type=code&scope=openid%20idp_id%20roles%20tags%20email%20given_name%20family_name%20uuid%20djid%20djUsername%20djStatus%20trackid%20prts%20updated_at%20created_at%20offline_access&ui_locales=en-us-x-wsj-223-2&nonce=04df3802-e348-443e-9dde-9e290cc8de21&state=ZZ9SHgAwqB5sspse.F-tYN9_8jvMlCKLJeSQZOoVQz6JjfP0kBS7daf7_yGE&resource=https%253A%252F%252Fwww.wsj.com%252F&protocol=oauth2&client=5hssEAdMy0mJTICnJNvC9TXEw3Va7jfO,
https://secure.telegraph.co.uk/customer/secure/login/?redirectTo=https%3A%2F%2Fwww.telegraph.co.uk%2F,
https://auth.huffpost.com/login?state=hKFo2SBmc251d3JzZF9pZzNZT19QMFJDNVpFYVNUempEMVJsWqFupWxvZ2luo3RpZNkgdVAwMTV4dks4TVVsV1FNYnpCRDYzcWRLUFFXbUJzWEGjY2lk2SBLb0R1eTdqRlE2dUJVM3ZCTXVxUG1BT2Y4S2t3UHo5Qw&client=KoDuy7jFQ6uBU3vBMuqPmAOf8KkwPz9C&protocol=oauth2&redirect_uri=https%3A%2F%2Flogin.huffpost.com%2Fcallback&response_type=code&scope=openid%20profile%20email%20offline_access,
https://www.mirror.co.uk/,
https://www.bloomberg.com/asia,
https://accounts.theatlantic.com/login/?redirect=https%3A%2F%2Fwww.theatlantic.com%2F,
https://www.thedailybeast.com/,
https://realm.hearstnp.com/aGRuLnNhbmZyYW5jaXNjbw==/c2ZnYXRlLmNvbQ==/1082/account/login?returnUrl=%2fconnect%2fauthorize%2fcallback%3fclient_id%3dhdn.js%26redirect_uri%3dhttps%253A%252F%252Fwww.sfgate.com%252Fhdn%252Fhrlm%252Fp%252Fcallback.html%26response_type%3did_token%2520token%26scope%3dopenid%2520email%2520hdn.sanfrancisco%26state%3d78aec0d91b234f7d97a7fbb2a2e77045%26nonce%3d63b109909eaa44a2817c1041f2bfe8c1%26acr_values%3dsiteId%253Asfgate.com%26trgid%3d1082%26tenant%3daGRuLnNhbmZyYW5jaXNjbw%253D%253D%26siteid%3dc2ZnYXRlLmNvbQ%253D%253D%26thirdPartyCookies%3dtrue%26prevousLocation%3dhttps%253A%252F%252Fwww.sfgate.com%252F,
https://www.cbssports.com/login?redirectUrl=https%3A%2F%2Fwww.cbssports.com%2F,
https://www.axios.com/,
https://abplive.in/,
https://ai.shareba.com/welcome/?last_url=http://ai.shareba.com%2Fblogs%2F,
https://www.lanacion.com.ar/,
https://smotrim.ru/brand/58500,
https://www.vesti.ru/,
https://www.heise.de/sso/login/?forward=https%3A%2F%2Fwww.heise.de%2F,
https://www.foxsports.com/,
https://www.chosun.com/subscribe/signin/,
https://www.skysports.com/,
https://login.schibsted.com/authn/?client_sdrn=sdrn%3Aschibsted.com%3Aclient%3A5e4e6b8dba2d9d68e7f1ccdc&prompt=select_account&client_id=5e4e6b8dba2d9d68e7f1ccdc&nonce=5d3d5283-a3a9-4b9c-9f6a-45c7d28bc7d0&state=b606f7649451080e36065630494186944c37f769e98f6572170eb3a225d34c888678d564adf7b96016741b16dfa4518d96a82a338a005b3a35442e8fb7ddb70324e3a880ff15ae2125852848fac28612511ef7799d6acd991c25598f297b51636608c2ccd8f5db436534b355775cd31603cd5f41b2df4d57426111ed7b57af7f,
https://qingdaonews.com/,
https://www.dailymotion.com/in,
https://www.qidian.com/,
https://arstechnica.com/,
https://fortune.com/,
https://www.salon.com/,
https://qz.com/login,
https://www.oneindia.com/,
https://www.ddanzi.com/index.php?mid=member&act=dispMemberLoginForm,
https://www.nate.com/,
https://www.inc.com/,
https://accounts.ft.com/login?location=https%3A%2F%2Fwww.ft.com,
https://1login.wp.pl/zaloguj/dodaj?client_id=o2-backend&login_challenge=Cj4KJDEzOTExZDMxM2M1YjY5ZTcxYTdkYzUwNTJjNDBlMWQwZWVkMBDB8o24BhoQCgpvMi1iYWNrZW5kEgJ2MhIgPH47NPFCa249YZ3_05VWJqaJHAULo7iVVf_i-XX1EnI,
https://www.ibtimes.co.uk/,
https://www.express.co.uk/,
https://account.abc.net.au/?next=https%3A%2F%2Fwww.abc.net.au%2F&source=PL%20CORE%20NEXT&cid=core,
https://login.virgilio.it/?ref=hpv-hd,
https://www.linternaute.com/account/login,
https://auth.jagran.com/sso/auth,
https://myebank.icbc.com.cn/icbc/perbank/index.jsp?areaCode=0165,
https://onlinebanking.tdbank.com/?adobe_mc=MCMID%3D53241329985600121462411040079334103614%7CMCORGID%3DA783776A5245B1E50A490D44%2540AdobeOrg%7CTS%3D1728039274&_ga=2.172093025.352722826.1728039180-1363692836.1728039180#/authentication/login,
https://www1.bmo.com/banking/digital/login,
https://direct.credit-suisse.com/dn/c/cls/auth?language=en,
https://online.lloydsbank.co.uk/personal/logon/login.jsp?WT.ac=PLO0512&tl_cookie=RAND651292772A314DAD8004A2C5F381BA35_1574262866&LBGAc=QU1DVlNfMjMwRDY0M0U1QTI1NTA5ODBBNDk1REI2JTQwQWRvYmVPcmc=.MQ==.QU1DVl8yMzBENjQzRTVBMjU1MDk4MEE0OTVEQjYlNDBBZG9iZU9yZw==.LTIxMjExNzkwMzN8TUNJRFRTfDIwMDAxfE1DTUlEfDUyODQ5MTAzNjgwNTcyMTAwNDUyNDMyMzM4NjI1OTAwMjMxMTUzfE1DQUFNTEgtMTcyODY0NDk3OHwxMnxNQ0FBTUItMTcyODY0NDk3OHxSS2hwUno4a3JnMnRMTzZwZ3VYV3A1b2xrQWNVbmlRWVBIYU1XV2dkSjN4elBXUW1kajB5fE1DT1BUT1VULTE3MjgwNDczNzhzfE5PTkV8TUNBSUR8Tk9ORXx2VmVyc2lvbnw1LjMuMA==.TEJHYzM=.c3NrdHdjMzAyMDBYNExGbGxveWRzYmFua2NvbQ==.T1BUT1VUTVVMVEk=.MDowfGMxOjF8YzM6MHxjNDoxfGM1OjF8YzI6MA==.T1BUT1VUTVVMVElNRVNTQUdF.MQ==.dHM=.bTF1bWprdnQ=,
https://myebankasia.icbc.com.cn/icbc/perbank/index.jsp?areaCode=0110,
https://eb.hk.bankcomm.com/eb/index.jsp?locale=en_US,
https://www.hsbc.co.in/security/,
https://connexion-mabanque.bnpparibas/login?service=%2Foauth2.0%2FcallbackAuthorize%3Fclient_id%3D0e0fe16f-4e44-4138-9c46-fdf077d56087%26scope%3Dopenid%2Bbnpp_mabanque%2Bikpi%26redirect_uri%3Dhttps%253A%252F%252Fmabanque.bnpparibas%252Fauth%252Fon-login%26response_type%3Dcode%26state%3DL8zAVg8ysjkXG65qdDnv2z4Y%26nonce%3D4TFh5GcI%26client_name%3DCasOAuthClient,
https://ibpersonal.cbzsecure.com/,
https://folioidentity.com/identity/login?service=https%3A%2F%2Fverification.folioidentity.com%3A443%2Fverification%2Flogin%3Fservice%3Dhttps%253A%252F%252Fwww.folioinstitutional.com%253A443%252Fj_security_check%26login.partnercode%3DIAFIRM%26login.sourcehost%3Dhttps%253A%252F%252Fwww.folioinstitutional.com%253A443&login.partnercode=IAFIRM&login.sourcehost=https%3A%2F%2Fwww.folioinstitutional.com%3A443*,
https://www.mahaconnect.in/jsp/index.html,
https://ebanking-ch1.ubs.com/workbench/WorkbenchOpenAction.do?login&locale=en-US,
https://login.morganstanleyclientserv.com/ux/,
https://bank.barclays.co.uk/olb/authlogin/loginAppContainer.do#/identification,
https://socgen.taleo.net/careersection/iam/accessmanagement/login.jsf?lang=en&redirectionURI=https%3A%2F%2Fsocgen.taleo.net%2Fcareersection%2Fsgcareers%2Fprofile.ftl%3Flang%3Den%26src%3DCWS-1%26pcid%3Dm1ukstqg6h0r74yh&TARGET=https%3A%2F%2Fsocgen.taleo.net%2Fcareersection%2Fsgcareers%2Fprofile.ftl%3Flang%3Den%26src%3DCWS-1%26pcid%3Dm1ukstqg6h0r74yh,
https://secure.royalbank.com/statics/login-service-ui/index#/full/signin?_gl=1*gx7bz2*_gcl_au*MjIzNDg5NTQ5LjE3MjgwMzkzNzc.*_ga*MTkyMjU4OTY5Mi4xNzI4MDM5Mzc4*_ga_89NPCTDXQR*MTcyODExMDgyMC4yLjEuMTcyODExMDgyMi41OC4wLjA.&_ga=2.1597491.366827871.1728039378-1922589692.1728039378&LANGUAGE=ENGLISH,
https://onlinebanking.tdbank.com/?adobe_mc=MCMID%3D53241329985600121462411040079334103614%7CMCORGID%3DA783776A5245B1E50A490D44%2540AdobeOrg%7CTS%3D1728110897&_ga=2.59409775.352722826.1728039180-1363692836.1728039180#/authentication/login,
https://authentication.td.com/uap-ui/?consumer=easyweb&locale=en_CA#/uap/login,
https://login2.fisglobal.com/idp/TrustDesk37/?themeName=37TDCB&client_id=TrustDesk_TDCB_Prod&scope=openid&response_type=id_token&redirect_uri=https://clientpoint.fisglobal.com/tdcb/main/Logon?bankNumber=37,
https://banking.bankaustria.at/wpc/portal/retail/de/login/login/!ut/p/z1/jZBNC4JAEIZ_jVdnVkGlm6SYiaGgaXuJFUwlv1jX_PsJnSoz5zbD88zLDFBIgbbsURVMVF3L6rm_UO2qmS4eFA9JoFp7DE-OayuurzgRgeQdINEZMdRVH23PUhEJ0C0-_igTt_krAF1fnwBdjTD1T2DhxH8hR6BF3WWvf5ptphoFUJ7fcp5zeeTzuBSiH3YSSjhNk5yx9s7GQfCKyUxIuKSV3SAg_aahb-I4xSpoEmN4AiuV0CU!/dz/d5/L2dBISEvZ0FBIS9nQSEh,
https://corporateportal.unicreditgroup.eu/portal/at/login,
https://group.intesasanpaolo.com/en/notification-center/login?action=display&sessionID=cccc827eb999b64044b38947d526c5423216&sessionData=eyJ0eXAiOiJKV1QiLCJhbGciOiJIUzI1NiJ9.ew0KICAgICJzZXNzaW9uIjogew0KICAgICAgICAic2Vzc2lvbklEIjoiY2NjYzgyN2ViOTk5YjY0MDQ0YjM4OTQ3ZDUyNmM1NDIzMjE2IiwNCiAgICAgICAgImV4cCI6MTcyODExMTgxNiwNCiAgICAgICAgImN1cnJlbnRfdXNlcm5hbWUiOiIiLA0KICAgICAgICAiY3VycmVudF91c2VyX21vYmlsZSI6IiIsDQogICAgICAgICJjdXJyZW50X3VzZXJfYWJpIjoiIiwNCiAgICAgICAgImN1cnJlbnRfdXNlcl9jb25zZW50Ijoibm9uZSIsDQogICAgICAgICJjdXJyZW50X3VzZXJfcm9sZSI6IiIsDQogICAgICAgICJjdXJyZW50X3VzZXJfYWNyIjoiMCIsDQogICAgICAgICJjdXJyZW50X3VzZXJfYXV0aFRpbWUiOiIwIiwNCiAgICAgICAgImN1cnJlbnRfdXNlcl9hdXRoTGV2ZWwiOiIiLA0KICAgICAgICAiY3VycmVudF91c2VyX2NyZWRlbnRpYWwiOiIiLA0KICAgICAgICAiY3VycmVudF91c2VyX3R5cGUiOiIiLA0KICAgICAgICAiY3VycmVudF91c2VyX2FjdGlvbkdyYW50ZWQiOiIiLA0KICAgICAgICAiY3VycmVudF91c2VyX2FjdGlvbkNvbWluZyI6IiIsDQogICAgICAgICJjdXJyZW50X3VzZXJfY2hlY2tWZXJzaW9uIjoiIiwNCiAgICAgICAgInNhbHQiOiIiLA0KICAgICAgICAidGhpcmRfcGFydHlfc3NvX3Rva2VuIjoiIiwNCiAgICAgICAgInRoaXJkX3BhcnR5X3Nzb190b2tlbl90eXBlIjoiIg0KICAgIH0sDQogICAgInJlcXVlc3RfY29uc2VudCI6IHsNCiAgICAgICAgImNsaWVudF9uYW1lIjoiU0RHUHVibGlzaEVOIiwNCiAgICAgICAgInNjb3BlX3ZlcmlmaWVkIjoib3BlbmlkK0FJUyINCiAgICB9LA0KICAgICJyZXF1ZXN0X3BhcmFtZXRlcnMiOiB7DQogICAgICAgICJkaXNwbGF5IjoicGFnZSIsDQogICAgICAgICJwcm9tcHQiOiJsb2dpbitjb25zZW50IiwNCiAgICAgICAgImlkX3Rva2VuX2hpbnQiOiIiLA0KICAgICAgICAibG9naW5faGludCI6IiIsDQogICAgICAgICJhY3JfdmFsdWVzIjoiaWRwJTNBZXh0ZXJuYWwiLA0KICAgICAgICAiY2xpZW50X2lkIjoiMmI3MWQxOTctMGMyMS00MjM0LWJhOTgtMjY4OWI4ODhmOTg1IiwNCiAgICAgICAgIm5vbmNlIjoiRkVLVEhtRE80RiIsDQogICAgICAgICJzY29wZSI6Im9wZW5pZCtBSVMiLA0KICAgICAgICAibWF4X2FnZSI6ICIiDQogICAgfQ0KfQ.Rfeeu_c-9zjVtqGL8xKNPuo74qsXQxtciHUAPArZj7s&state=,
https://verified.capitalone.com/auth/signin,
https://banking.rabobank.com/business/,
https://www.truist.com/,
https://www.pnc.com/en/about-pnc.html,
https://auth.scotiaonline.scotiabank.com/online?oauth_key=HBTMjR_ZrCo&oauth_key_signature=eyJraWQiOiJrUFVqdlNhT25GWUVDakpjMmV1MXJvNGxnb2VFeXJJb2tCbU1oX3BiZXNVIiwidHlwIjoiSldUIiwiYWxnIjoiUlMyNTYifQ.eyJyZWZlcmVyIjoiaHR0cHM6XC9cL3d3dy5zY290aWFiYW5rLmNvbVwvIiwib2F1dGhfa2V5IjoiSEJUTWpSX1pyQ28iLCJjb25zZW50X3JlcXVpcmVkIjpmYWxzZSwicmVkaXJlY3RfdXJpIjoiaHR0cHM6XC9cL3d3dy5zY290aWFvbmxpbmUuc2NvdGlhYmFuay5jb21cL29ubGluZVwvbGFuZGluZ1wvb2F1dGhsYW5kaW5nLmJucyIsImV4cCI6MTcyODExMjc1MywiaWF0IjoxNzI4MTExNTUzLCJqdGkiOiI3YmEyMTRiOS05Njk0LTQyMmMtOTBjMS03OTNkOTc4YmRjYzEiLCJjbGllbnRfaWQiOiI4ZWU5MGMzOS0xYzUyLTRmZjQtOGFlNi1hN2I1NGM1Mzk5MzMiLCJjbGllbnRfbWV0YWRhdGEiOnsiQ2hhbm5lbElEIjoiU09MIiwiQXBwbGljYXRpb25Db2RlIjoiSDcifSwiaXNzdWVyIjoiaHR0cHM6XC9cL3Bhc3Nwb3J0LnNjb3RpYWJhbmsuY29tIn0.rdpBwP7i76ZLTLA-5OO9PQWLyqLjVJrn8LbcbqYn8cn8PymQijxUTpcXRT23OF4dHAOKemPmNoXkL8uWWRwcIn2N3oVB5fjxYjfchGrBVfNEV7nfFKKslewFBOzEV5irY7Qhigwtk17tMmpyeWj29RMwHfEexvekXZHe9MA9-MuyLVJ69dFQNMkdW4A87uR0xagBrE9OcOw8QKKj7AA45XW_YVein5yKr_lVRN3ZUQqdtdt45XRgVlhsloMdiqDeQ4u-l2L6CeJJWmU_hIfMXYGbV0ZSA33qqgTni49XiVv9VcJmEEJiFmwtbC4ue1GUf0zYi8mIYNJuc5Z8OUOS1w&preferred_environment=,
https://www.my.commbank.com.au/netbank/Logon/Logon.aspx?ei=mv_logon-NB,
https://netbanking.kotak.com/knb2/,
https://secure.icicidirect.com/customer/login?_gl=1*1l1q7be*_gcl_au*MzIyOTU2MjMwLjE3MjgxMjMwNDY.,
https://www.mql5.com/en/auth_login,
https://www.myfxbook.com/login?reg=true&regFrom=top&loginFrom=/landingPage,
https://www.justetf.com/en/login.html,
https://app.trading212.com/,
https://statusinvest.com.br/cadastrar,
https://login.5paisa.com/,
https://login.angelbroking.com/sb?redirect=https%3A%2F%2Fweb.sensibull.com%2Fvalidate_angel_broking_login%3Frequest_token%3D&ApplicationName=sensibull&OS=Windows&AppID=2dda9ba2-bbb1-41b1-89ab-186e2c9691e3,
https://www.pnc.com/en/personal-banking.html,
https://www.credit-agricole.fr/particulier/acces-cr.html?origin=/content/ca/national/npc/fr/particulier/acceder-a-mes-comptes.html,
https://www.caixabank.cat/particular/home/particulars_ca.html,
https://omni.axisbank.co.in/axisretailbanking/,
https://www.klikbca.com/,
https://www.creditkarma.com/auth/logon,
https://secure.royalbank.com/statics/login-service-ui/index#/full/signin?_gl=1*1a2u4ox*_gcl_au*MTkyMzA4NjI0OS4xNzI4Mjc4NDgx*_ga*MTc0ODY3NjcyMC4xNzI4Mjc4NDgx*_ga_89NPCTDXQR*MTcyODI3ODQ4MS4xLjEuMTcyODI3ODQ4NC41Ny4wLjA.&_ga=2.195149806.337542721.1728278482-1748676720.1728278481&LANGUAGE=ENGLISH,
https://online.lloydsbank.co.uk/personal/logon/login.jsp?WT.ac=PLO0512&tl_cookie=RAND651292772A314DAD8004A2C5F381BA35_1574262866&LBGAc=QU1DVlNfMjMwRDY0M0U1QTI1NTA5ODBBNDk1REI2JTQwQWRvYmVPcmc=.MQ==.QU1DVl8yMzBENjQzRTVBMjU1MDk4MEE0OTVEQjYlNDBBZG9iZU9yZw==.LTIxMjExNzkwMzN8TUNJRFRTfDIwMDA0fE1DTUlEfDY0MDM0MTY2MTE0NzE4MzQ2NTE0Mjc4NDYxMzM4NTM1OTM3ODE5fE1DQUFNTEgtMTcyODg4MzI4NHwxMnxNQ0FBTUItMTcyODg4MzI4NHw2RzF5blljTFB1aVF4WVpyc3pfcGtxZkxHOXlNWEJwYjJ6WDVkdkpkWVFKelBYSW1kajB5fE1DT1BUT1VULTE3MjgyODU2ODVzfE5PTkV8TUNBSUR8Tk9ORXx2VmVyc2lvbnw1LjMuMA==.TEJHYzM=.c3NrejA3cDAyMDBYNExGbGxveWRzYmFua2NvbQ==.T1BUT1VUTVVMVEk=.MDowfGMxOjF8YzM6MHxjNDoxfGM1OjF8YzI6MA==.T1BUT1VUTVVMVElNRVNTQUdF.MQ==.dHM=.bTF5a2d0bTE=,
https://shopify.com/31985107083/identity/lookup?destination_uuid=8103247b-827b-4309-b2b7-edbaa4e6c811&redirect_uri=https%3A%2F%2Fshopify.com%2Fauthentication%2F31985107083%2Flogin%2Fexternal%2Fcallback&rid=2f48439a-ff6b-4472-8287-50a81a23d3ca&ui_locales=en&verify=1728113109-eZwXJVPZraE9l0GnmjHbWEyOYir5QoEx7sUa3nSnb10%3D,
https://www.woodlandworldwide.com/,
"https://myasta.avadhutsathe.in/login#:~:text=To%20log%20in,%20you%20need%20to%20enable%20your%20browser%20to",
https://login.okta.com/#:~:text=Sign%20in%20or%20Create%20an%20account.%20Log%20into%20your%20Okta,
https://onecompiler.com/octave,
https://sso.definedge.com/auth/realms/definedge/protocol/openid-connect/auth?response_type=code&client_id=opstra&redirect_uri=https://opstra.definedge.com/ssologin&state=e2cf559f-356c-425a-87e3-032097f643d0&login=true&scope=openid,
https://auth.findoctave.com/u/login/identifier?state=hKFo2SA5TVhXbWUyQVluTGpaQnRGYVl4aWJoX0lPb2FqdXVyUaFur3VuaXZlcnNhbC1sb2dpbqN0aWTZIElxZ0F2VjNEMGxzaVZidEVlcHVaR3paSHhYaGtISXBUo2NpZNkgMHFQZmFhdHoxN3U2WEdoUnlVcGx0NjVsc0FUVnp3VmQ,
https://shopify.com/38142771339/identity/lookup?destination_uuid=ca7d4940-9afa-4428-b039-f01447a57da7&redirect_uri=https%3A%2F%2Fshopify.com%2Fauthentication%2F38142771339%2Flogin%2Fexternal%2Fcallback&rid=fc9f1353-aefa-42bd-a5ec-c605c57d156c&ui_locales=en&verify=1728113400-j3WCWekoglVWwTnT0fSw31wREYsYqR5cm%2BOZJ0G%2F%2FPw%3D,
https://www.maccosmetics.in/#:~:text=Offering%20more%20than%20100%20shades%20of%20professional%20quality%20cosmetics%20for,
https://mamaearth.in/,
https://accounts.in.pampers.com/u/signup/identifier?state=hKFo2SBHX2FkUlhvZ0NuSGNfWmxKQTV1ZG1adWJDTGs5LTNucaFur3VuaXZlcnNhbC1sb2dpbqN0aWTZIEhsbmw3NWdvOTFOZUpfZ0ZfVVBpMGk1dzFMTWowOF9xo2NpZNkgdTZvbE5SbkdwNFltcVk3UDNDS1FpeVp3QWFKWEtTemI&ui_locales=en-IN,
https://www.biba.in/collections/festive/?mf_campaignname_click=360372653&gclickId_identifier=&placement_id_identifier=&key_word_identifier=biba&ad_group_id_identifier=1158885513239636&utm_source=bing&msclkid=09272543bd411476b2e942435ab0870d&utm_medium=cpc&utm_campaign=Bing-Biba-Search-Brand-Exact&utm_term=biba&utm_content=Biba,
https://superuser.com/users/login?ssrc=head&returnurl=https%3a%2f%2fsuperuser.com%2fquestions%2f619332%2fis-there-a-default-password-of-kali-linux-os-after-first-installation,
https://www.meesho.com/auth?redirect=https%3A%2F%2Fwww.meesho.com%2F&source=profile&entry=header&screen=HP,
https://account.louisvuitton.com/eng-in/mylv/login?response-code=code&client-id=3MVG9A2kN3Bn17hvoqxK.akVTLUK1CtKpvdV2sbka7X4qecgMbRWXoXSWJ12evrTNYvAXbVbuVnC1QT36uOfu&state=Nzc3NDlkMWZhNGIwNGI4NzgxNDczYWRmZGQ4NDc0NjIyMmMzNWIwYjNlNmQ0MDdmYjRjYWUzZjhiZWUzYTdmYi9lbmctaW4%3D&code-challenge=4HH_k1jEoTWfR_XUllrz8TbtA3p16NEZGElZidFlOA4&redirect-uri=https%3A%2F%2Fapi.louisvuitton.com%2Feco-as%2Flvcom-tkn-handlr-eapi%2Fv1%2Fcallback&error_redirect_url=https%3A%2F%2Fapi.louisvuitton.com%2Feng-in%2Fmylv%2Ferror,
https://accounts.stockx.com/login?state=hKFo2SBBY1NhNkhlU0FOWmh2SFplS0NKQ3l3bnl1OHNyLTNrdqFupWxvZ2luo3RpZNkgQXV1eXl0SWJfYkk3Vml4aVo4eGw0THNJZGp2YjA0TjOjY2lk2SBPVnhydDRWSnFUeDdMSVVLZDY2MVcwRHVWTXBjRkJ5RA&client=OVxrt4VJqTx7LIUKd661W0DuVMpcFByD&protocol=oauth2&prompt=login&response_type=code&scope=openid%20profile&x-stockx-session-id=6f009ed4-378d-4e04-8628-97efd15316fa&stockx-session-id=138d1964-17f4-4963-bb5d-6390bc4232b5&stockx-default-tab=login&stockx-is-gdpr=false&stockx-language=en-us&stockx-url=https%3A%2F%2Fstockx.com&stockx-currency=USD&stockx-marketing-opt-in=false&sardine-session-key=138d1964-17f4-4963-bb5d-6390bc4232b5&stockx-country-code=IN&lng=en&ui_locales=en&redirect_uri=https%3A%2F%2Fstockx.com%2Fcallback%3Fpath%3D%2F&guest_redirect_uri=https%3A%2F%2Fstockx.com%2Fguest-checkout%3Fpath%3D%2F&response_mode=query&audience=gateway.stockx.com&connection=production&stockx-user-agent=Mozilla%2F5.0%20(Windows%20NT%2010.0%3B%20Win64%3B%20x64)%20AppleWebKit%2F537.36%20(KHTML%2C%20like%20Gecko)%20Chrome%2F129.0.0.0%20Safari%2F537.36%20Edg%2F129.0.0.0&auth0Client=eyJuYW1lIjoiYXV0aDAuanMiLCJ2ZXJzaW9uIjoiOS4yNi4xIn0%3D,
https://www.nordstrom.com/signin?cm_sp=SI_SP_A-_-SI_SP_B-_-SI_SP_C&origin=tab&ReturnURL=,
https://www.jcpenney.com/,
https://shop.mango.com/in/en/login,
https://www.qvc.com/myaccount/login.html?qq=mh,
https://auth.allrecipes.com/realms/alrcom/protocol/openid-connect/auth?client_id=alrcom&response_type=code&redirect_uri=https%3A%2F%2Fwww.allrecipes.com%2Fauthentication%2Fcode-exchange&state=eyJ0eXAiOiJKV1QiLCJhbGciOiJIUzI1NiJ9.eyJzdWIiOiJPM0paVFJwRTk3WktsMXNsNVAyMURtZVB0NVhRQUsvYVA1UFRCM0xzcEZ3PSIsInJlZGlyZWN0VXJsIjoiaHR0cHM6Ly93d3cuYWxscmVjaXBlcy5jb20vIiwiaXNzIjoiRG90ZGFzaCBNZXJlZGl0aCIsImV4cCI6MTcyODExODE0OCwiaWF0IjoxNzI4MTE1NDQ4LCJoaWRlQ29uZmlybWF0aW9uQmFubmVyIjpmYWxzZX0.RPjV5AHgCNzdok-nWMR2UbNj--b0eABUyFX4L7sPxDc&scope=openid&reg_source=3675,
https://identity.doordash.com/auth?client_id=1666519390426295040&intl=en-US&layout=consumer_web&prompt=none&redirect_uri=https%3A%2F%2Fwww.doordash.com%2Fpost-login%2F&response_type=code&scope=%2A&state=%2Fhome%2F%7C%7C0755758f-f938-4c7e-83ed-44148a6f5c0f,
https://login.kroger.com/eciamp.onmicrosoft.com/b2c_1a__ciam_signin_signup/oauth2/v2.0/authorize?client_id=d2bea89d-7861-4b8b-8fe5-13714f1b2c22&scope=https%3A%2F%2Feciamp.onmicrosoft.com%2FLogin-Channel%2Fshopper%20https%3A%2F%2Feciamp.onmicrosoft.com%2FLogin-Channel%2Fweb%20openid%20profile%20offline_access&redirect_uri=https%3A%2F%2Fwww.kroger.com%2Fconnect-auth&client-request-id=01925be4-1e59-7b69-aec7-db666f56ca83&response_mode=fragment&response_type=code&x-client-SKU=msal.js.browser&x-client-VER=3.16.0&client_info=1&code_challenge=mq4lEkGLdkys3jgKcZhs7UOTddn2EEwQiMdZx5tG1KE&code_challenge_method=S256&nonce=01925be4-1e5a-76f5-8f2f-78b974e7257d&state=eyJpZCI6IjAxOTI1YmU0LTFlNWEtN2U3Ny05NjMyLTI1NjJkY2Q4MjdkZSIsIm1ldGEiOnsiaW50ZXJhY3Rpb25UeXBlIjoicmVkaXJlY3QifX0%3D%7C%7B%22originalUrl%22%3A%22%2F%22%2C%22calledFrom%22%3A%22account-sign-in%22%7D&client=kroger&device_id=wZAccpJMYI&bannerName=kroger&source=banner%20web&marketingCloudVisitorID=61476743421256180532129869590985948289,
https://pizzaonline.dominos.co.in/postorder-ui/login?redirectUrl=landing,
https://www.bbcgoodfood.com/login?redirectTo=https%3A%2F%2Fwww.bbcgoodfood.com%2F,
https://www.instacart.com/,
https://www.tudogostoso.com.br/login,
https://www.thekitchn.com/sign-in?redirect_uri=/,
https://www.twitch.tv/,
https://discord.com/login,
https://www.usaa.com/my/logon?logoffjump=true&wa_ref=pub_global_log_on,
https://www.policybazaar.com/,
https://my.cigna.com/web/public/guest,
https://www.allstate.com/,
https://ecams.geico.com/login,
https://www.agoda.com/account/signin.html?ottoken=eyJhbGciOiJBMjU2S1ciLCJlbmMiOiJBMjU2Q0JDLUhTNTEyIn0.Wsg4iUhiEPTnPGVQZey9a1lCXKn6VYLHIsxd8tQtIZN5iKDUxB_ZBmeYLAqKmILwxNi-4nxAhHEYQV-70hJyxrptVPcvCI-z.tczGubqlWMLFKbBcWgSMww.i-hQ9tjZ-fK9mcHe6otx858TMEVNAxMMW-L11UBK8H64-cQrm3rPOOL28zlG6Kxo.P7aLUa19OVH4JYitVgCjO-jXFS95kazT-YmZgTN0DJI&returnurl=%2F%3Fds%3Df5WWlMFPy25atyp8,
https://www.barnesandnoble.com/,
https://haraj.com.sa/tags/%D8%A7%D8%AB%D8%A7%D8%AB/,
https://www.barnesandnoble.com/,
https://shop.pbs.org/?utm_source=PBS&utm_medium=Link&utm_campaign=pbs_home_shopbuttontopnav,
https://secure.dhgate.com/usr/signin.do?returnURL=https://dg.dhgate.com/mydhgate/index.html,
https://www.ceneo.pl/,
https://zozo.jp/_member/login.html?bkurl=https%3A%2F%2Fzozo.jp%2F,
https://my.gumtree.com/login,
https://ecnavi.jp/login/,
https://www.gamestop.com/login/,
https://www.evite.com/,
https://www.samsclub.com/login?redirectURL=%2F&xid=hdr_account_login,